{"elements":[{"from":[4,-0.5,6],"to":[8,11.5,10],"faces":{"north":{"uv":[3.01,5.01,3.99,7.99],"texture":"#0"},"east":{"uv":[2.01,5.01,2.99,7.99],"texture":"#0"},"south":{"uv":[1.01,5.01,1.99,7.99],"texture":"#0"},"west":{"uv":[0.01,5.01,0.99,7.99],"texture":"#0"},"up":{"uv":[1.01,4.01,1.99,4.99],"texture":"#0"},"down":{"uv":[2.01,4.99,2.99,4.01],"texture":"#0"}}},{"from":[8,-0.5,6],"to":[12,11.5,10],"faces":{"north":{"uv":[8.01,13.01,6.99,15.99],"texture":"#0"},"east":{"uv":[6.01,13.01,6.99,15.99],"texture":"#0"},"south":{"uv":[5.01,13.01,5.99,15.99],"texture":"#0"},"west":{"uv":[4.01,13.01,4.99,15.99],"texture":"#0"},"up":{"uv":[5.01,12.01,5.99,12.99],"texture":"#0"},"down":{"uv":[6.01,12.99,6.99,12.01],"texture":"#0"}}},{"from":[4,11.5,6],"to":[12,23.5,10],"faces":{"north":{"uv":[8.01,5.01,9.99,7.99],"texture":"#0"},"east":{"uv":[7.01,5.01,7.99,7.99],"texture":"#0"},"south":{"uv":[5.01,5.01,6.99,7.99],"texture":"#0"},"west":{"uv":[4.01,5.01,4.99,7.99],"texture":"#0"},"up":{"uv":[5.01,4.01,6.99,4.99],"texture":"#0"},"down":{"uv":[7.01,4.99,8.99,4.01],"texture":"#0"}}},{"from":[4,23.5,4],"to":[12,31.5,12],"faces":{"north":{"uv":[6.00938,2.00938,7.98906,3.98906],"texture":"#0"},"east":{"uv":[4.01,2.01,5.99,3.99],"texture":"#0"},"south":{"uv":[2.01,2.01,3.99,3.99],"texture":"#0"},"west":{"uv":[0.01,2.01,1.99,3.99],"texture":"#0"},"up":{"uv":[2.01,0.01,3.99,1.99],"texture":"#0"},"down":{"uv":[4.01,1.99,5.99,0.01],"texture":"#0"}}},{"from":[0,11.5,6],"to":[4,23.5,10],"faces":{"north":{"uv":[13.01,5.01,13.99,7.99],"texture":"#0"},"east":{"uv":[12.01,5.01,12.99,7.99],"texture":"#0"},"south":{"uv":[11.01,5.01,11.99,7.99],"texture":"#0"},"west":{"uv":[10.01,5.01,10.99,7.99],"texture":"#0"},"up":{"uv":[11.01,4.01,11.99,4.99],"texture":"#0"},"down":{"uv":[12.01,4.99,12.99,4.01],"texture":"#0"}}},{"from":[12,11.5,6],"to":[16,23.5,10],"faces":{"north":{"uv":[11.01,13.01,11.99,15.99],"texture":"#0"},"east":{"uv":[10.01,13.01,10.99,15.99],"texture":"#0"},"south":{"uv":[9.01,13.01,9.99,15.99],"texture":"#0"},"west":{"uv":[8.01,13.01,8.99,15.99],"texture":"#0"},"up":{"uv":[9.01,12.01,9.99,12.99],"texture":"#0"},"down":{"uv":[10.01,12.99,10.99,12.01],"texture":"#0"}}},{"from":[3.5,23,3.5],"to":[12.5,32,12.5],"faces":{"north":{"uv":[14.01,2.01,15.99,3.99],"texture":"#0"},"east":{"uv":[12.01,2.01,13.99,3.99],"texture":"#0"},"south":{"uv":[10.01,2.01,11.99,3.99],"texture":"#0"},"west":{"uv":[8.01,2.01,9.99,3.99],"texture":"#0"},"up":{"uv":[10.01,0.01,11.99,1.99],"texture":"#0"},"down":{"uv":[12.01,1.99,13.99,0.01],"texture":"#0"}}},{"from":[4,11.02,5.51],"to":[12,24.03,10.51],"faces":{"north":{"uv":[8.01,9.01,9.99,11.99],"texture":"#0"},"east":{"uv":[7.01,9.01,7.99,11.99],"texture":"#0"},"south":{"uv":[5.01,9.01,6.99,11.99],"texture":"#0"},"west":{"uv":[4.01,9.01,4.99,11.99],"texture":"#0"},"up":{"uv":[5.01,8.01,6.99,8.99],"texture":"#0"},"down":{"uv":[7.01,8.99,8.99,8.01],"texture":"#0"}}},{"from":[-0.5,11,5.5],"to":[4.49,24,10.5],"faces":{"north":{"uv":[13.01,9.01,13.99,11.99],"texture":"#0"},"east":{"uv":[12,9,12.97969,11.97969],"texture":"#0"},"south":{"uv":[11.01,9.01,11.99,11.99],"texture":"#0"},"west":{"uv":[10.01,9.01,10.99,11.99],"texture":"#0"},"up":{"uv":[11.01,8.01,11.99,8.99],"texture":"#0"},"down":{"uv":[12.01,8.99,12.99,8.01],"texture":"#0"}}},{"from":[11.5,11,5.5],"to":[16.5,24,10.5],"faces":{"north":{"uv":[15.01,13.01,15.99,15.99],"texture":"#0"},"east":{"uv":[14.01,13.01,14.99,15.99],"texture":"#0"},"south":{"uv":[13.01,13.01,13.99,15.99],"texture":"#0"},"west":{"uv":[12.01,13.01,12.98969,15.98969],"texture":"#0"},"up":{"uv":[13.01,12.01,13.99,12.99],"texture":"#0"},"down":{"uv":[14.01,12.99,14.99,12.01],"texture":"#0"}}},{"from":[3.5,-1,5.5],"to":[8.5,12,10.5],"faces":{"north":{"uv":[3.01,9.01,3.99,11.99],"texture":"#0"},"east":{"uv":[2.01,9.01,2.99,11.99],"texture":"#0"},"south":{"uv":[1.01,9.01,1.99,11.99],"texture":"#0"},"west":{"uv":[0.01,9.01,0.99,11.99],"texture":"#0"},"up":{"uv":[1.01,7.99,1.99,9.01],"texture":"#0"},"down":{"uv":[2.01,9.01,2.99,7.99],"texture":"#0"}}},{"from":[7.5,-1,5.5],"to":[12.5,12,10.5],"faces":{"north":{"uv":[3.01,13.01,3.99,15.99],"texture":"#0"},"east":{"uv":[2.01,13.01,2.99,15.99],"texture":"#0"},"south":{"uv":[1.01,13.01,1.99,15.99],"texture":"#0"},"west":{"uv":[0.01,13.01,0.99,15.99],"texture":"#0"},"up":{"uv":[1.01,11.99,1.99,13.01],"texture":"#0"},"down":{"uv":[2.01,13.01,2.99,11.99],"texture":"#0"}}},{"from":[2.5,6,2],"to":[13.5,23,3],"rotation":{"angle":22.5,"axis":"x","origin":[7.5,14,5.5]},"faces":{"north":{"uv":[0.49971,0.49971,5.49925,8.44971],"texture":"#1"},"east":{"uv":[0,0.49971,0.47,8.49896],"texture":"#1"},"south":{"uv":[5.99992,0.49971,10.99897,8.49896],"texture":"#1"},"west":{"uv":[5.49925,0.49971,5.99896,8.49896],"texture":"#1"},"up":{"uv":[0.49971,0,5.49877,0.49971],"texture":"#1"},"down":{"uv":[5.49877,0.49971,10.49782,0],"texture":"#1"}}}],"display":{"head":{"scale":[1.6,1.6,1.6],"translation":[0,-30,0],"rotation":[0,180,0]}}}